Q520005,미래에셋 인버스 전기전자 Core5 ETN
A236460,ARIRANG 스마트베타 LowVOL
A264900,크라운제과
A253280,KBSTAR 헬스케어
A000080,하이트진로
A007340,동아타이어
A023530,롯데쇼핑
A245350,TIGER 유로스탁스배당30
A005980,성지건설
Q550007,QV 조선 TOP5 ETN
A025820,이구산업
A011690,유양디앤유
A072130,유엔젤
A016800,퍼시스
A032560,황금에스티
Q550027,QV 농업 테마 ETN
A095570,AJ네트웍스
A028260,삼성물산
A002700,신일산업
A012800,대창
A261140,TIGER 우선주
A253150,ARIRANG 200선물레버리지
A001420,태원물산
A008060,대덕전자
A250730,KBSTAR 차이나H주(H)
A001380,SG충방
A138920,KODEX 콩선물(H)
A009240,한샘
A249420,일동제약
A052690,한전기술
A145990,삼양사
A097950,CJ제일제당
A000370,한화손해보험
A001510,SK증권
A001940,KISCO홀딩스
A024900,덕양산업
A001799,대한제당3우B
A069960,현대백화점
A139270,TIGER 200 금융
A009275,신원우
A010120,LS산전
Q530018,삼성 미국 중소형 가치주 ETN(H)
A000230,일동홀딩스
Q550009,QV 하드웨어 TOP5 ETN
A228810,TIGER 미디어컨텐츠
Q590005,미래에셋 일본 대형주 ETN(H)
Q530029,삼성 K200 P-SP 1803-01 ETN
A002410,범양건영
A102970,KODEX 증권
A091230,TIGER 반도체
A145995,삼양사우
A139480,이마트
A005110,한창
A002920,유성기업
A003680,한성기업
A003475,유안타증권우
Q580006,KB KTOP30 ETN
Q590004,미래에셋 유럽 중형주 ETN(H)
A005680,삼영전자
Q550013,QV 화학 TOP5 ETN
A058850,KTcs
Q500010,신한 인버스 다우존스지수 선물 ETN(H)
A042670,두산인프라코어
A157490,TIGER 소프트웨어
A099140,KODEX China H
A227570,TIGER 우량가치
Q500017,신한 은 선물 ETN(H)
A035250,강원랜드
A261920,KINDEX 필리핀MSCI(합성)
A007630,암니스
Q580007,KB KQ 우량주30 ETN
A001680,대상
A004250,NPC
A001550,조비
A181710,NHN엔터테인먼트
A002380,KCC
A161510,ARIRANG 고배당주
A152550,한국ANKOR유전
A058730,동아에스텍
A001500,HMC투자증권
A001755,한양증권우
A010620,현대미포조선
Q520010,미래에셋 원유선물혼합 ETN(H)
A105560,KB금융
A118000,우리들휴브레인
A007610,선도전기
A007310,오뚜기
A183700,KBSTAR 채권혼합
A256450,ARIRANG 심천차이넥스트(합성)
A161000,애경유화
A009810,고려포리머
A019490,하이트론
A083600,아시아13호
A214330,금호에이치티
A084690,대상홀딩스
A025750,한솔홈데코
A083420,KPX그린케미칼
A002690,동일제강
A086790,하나금융지주
Q520019,미래에셋 K200 P-SP 1803-02 ETN
A003220,대원제약
A136490,선진
A003490,대한항공
A025560,미래산업
A000520,삼일제약
A001745,SK네트웍스우
A004985,성신양회우
A217770,TIGER 원유인버스선물(H)
A081660,휠라코리아
A013360,일성건설
A205720,KINDEX 일본인버스(합성 H)
A174350,TIGER 로우볼
Q570010,TRUE 엔선물 ETN
Q530019,삼성 미국 대형 성장주 ETN
A009190,대양금속
A185750,종근당
A002880,대유에이텍
A004700,조광피혁
A200030,KODEX 미국산업재(합성)
A000075,삼양홀딩스우
Q530009,삼성 증권 테마주 ETN
A001750,한양증권
A217790,TIGER 가격조정
A083360,동북아11호
Q520002,미래에셋 차이나 대표주 15 ETN(H)
A005850,에스엘
A108675,LG하우시스우
A084680,이월드
A010660,화천기계
A033180,필룩스
A078000,텔코웨어
A222170,ARIRANG S&P 배당성장
A000760,이화산업
A155660,DSR
Q500024,신한 인버스 콩 선물 ETN(H)
A032640,LG유플러스
A004545,깨끗한나라우
A002600,조흥
A26490K,크라운제과우
A063160,종근당바이오
A018880,한온시스템
A004365,세방우
A100840,S&TC
Q550005,QV 에너지 TOP5 ETN
A003090,대웅
A006110,삼아알미늄
A005610,SPC삼립
Q580001,KB 코스피200선물플러스 ETN
Q500019,신한 레버리지 WTI원유 선물 ETN(H)
A020760,일진디스플
A071840,롯데하이마트
A152180,TIGER 생활필수품
A266410,KODEX 필수소비재
A007860,서연
Q590018,미래에셋 중국 심천 100 ETN
A253160,ARIRANG 200선물인버스2X
A261120,TIGER 미국달러선물인버스2X
A192530,광주은행
Q550012,QV 의료 TOP5 ETN
A001529,동양3우B
Q500001,신한 K200 USD 선물 바이셀 ETN
A098560,TIGER 방송통신
A006980,우성사료
A123320,TIGER 레버리지
A090350,노루페인트
A192820,코스맥스
A195980,ARIRANG 신흥국(합성 H)
A090430,아모레퍼시픽
A005420,코스모화학
Q520012,미래에셋 호주 ASX200 ETN(H)
A011070,LG이노텍
A252720,KBSTAR 모멘텀밸류
A008730,율촌화학
Q570003,TRUE 빅5 동일가중 ETN
A007590,동방아그로
A169950,KODEX 중국본토 A50
Q550015,QV 제약 TOP5 ETN
A024890,대원화성
A252730,KBSTAR 모멘텀로우볼
A227840,현대씨앤에프
A004920,씨아이테크
A003555,LG우
A001530,동일방직
Q570016,TRUE K200 C-SP 1803-01 ETN
A012600,청호컴넷
A141240,ARIRANG K100EW
A190150,ARIRANG 바벨 채권
Q550033,QV 스마트리밸런싱 260/4 ETN
A079430,현대리바트
A000660,SK하이닉스
Q530022,삼성 미국 중소형 가치주 ETN
A008040,사조동아원
A111110,호전실업
A005935,삼성전자우
A083380,동북아13호
A091180,KODEX 자동차
A143210,핸즈코퍼레이션
A000970,한국주철관
A039130,하나투어
Q570011,TRUE 레버리지 엔선물 ETN
A002720,국제약품
A143860,TIGER 헬스케어
A002270,롯데푸드
A139310,TIGER 금속선물(H)
A005190,동성화학
A085620,미래에셋생명
A241560,두산밥캣
Q550035,QV K200 P-SP 1804-01 ETN
A004800,효성
A006880,신송홀딩스
A079550,LIG넥스원
A122900,아이마켓코리아
A252670,KODEX 200선물인버스2X
A131890,KINDEX 삼성그룹EW
A234790,KINDEX 코스닥150 레버리지
A068400,AJ렌터카
A029530,신도리코
A025860,남해화학
A900140,코라오홀딩스
A008500,일정실업
A016385,동부제철우
Q550018,QV CHINEXT ETN(H)
Q530011,삼성 온라인쇼핑 테마주 ETN
A019175,신풍제약우
A007540,샘표
A004060,SG세계물산
A213630,ARIRANG 미국고배당주(합성 H)
A058430,포스코강판
Q570001,TRUE 코스피 선물매수 콜매도 ETN
A088790,진도
A033530,세종공업
A005725,넥센우
A006280,녹십자
A007570,일양약품
A033250,체시스
A071970,STX중공업
A092220,KEC
A001470,삼부토건
Q530026,삼성 레버리지 인도 Nifty50 선물 ETN(H)
A245360,TIGER 차이나H
A053210,스카이라이프
A190160,ARIRANG 단기유동성
A189400,ARIRANG AC 월드(합성 H)
A011500,한농화성
A256440,KINDEX 인도네시아MSCI(합성)
A006200,한국전자홀딩스
A010050,우리종금
A100220,비상교육
A020560,아시아나항공
A102110,TIGER 200
A253230,KOSEF 200선물인버스2X
A002170,삼양통상
A000155,두산우
A004020,현대제철
A232590,KINDEX 골드선물 인버스2X(합성 H)
A008260,NI스틸
A204450,KODEX China H 레버리지(H)
A008870,금비
A134380,미원화학
A005690,파미셀
A228820,TIGER KTOP30
A012450,한화테크윈
A107590,미원에스씨
Q570002,TRUE 코스피 선물매도 풋매도 ETN
A096770,SK이노베이션
A077970,STX엔진
A120115,코오롱인더우
A093050,LF
A261070,TIGER 코스닥150바이오테크
A168490,한국패러랠
A247780,KODEX 가치투자
A140890,트러스제7호
A002840,미원상사
A013367,일성건설2우B
A244660,KODEX 퀄리티Plus
A208470,SMART MSCI선진국(합성 H)
A083610,아시아14호
A003925,남양유업우
A033780,KT&G
A000060,메리츠화재
A120030,조선선재
A013520,화승알앤에이
A010420,한솔PNS
A092440,기신정기
A004200,고려개발
A001820,삼화콘덴서
A075180,새론오토모티브
A005800,신영와코루
A005720,넥센
Q570007,TRUE 위안화 중국5년국채 ETN
A008775,호텔신라우
A234080,JW생명과학
A002870,신풍제지
A004840,DRB동일
Q550022,QV 사물인터넷 테마 ETN
A140710,KODEX 운송
A014710,사조씨푸드
A170900,동아에스티
A008110,대동전자
A000400,롯데손해보험
A003230,삼양식품
A002140,고려산업
A103590,일진전기
A002000,한국유리
A078935,GS우
A009140,경인전자
A035150,백산
A015540,핫텍
Q550029,QV 대체에너지 테마 ETN
A00088K,한화3우B
A232080,TIGER 코스닥150
A100910,KOSEF KRX100
A002320,한진
A253990,TIGER 대만TAIEX파생(H)
A007070,GS리테일
A261270,KODEX 미국달러선물인버스
A017370,우신시스템
A083590,아시아12호
A000325,노루홀딩스우
Q530024,삼성 인도 Nifty50 선물 ETN(H)
A001130,대한제분
A000100,유한양행
A003000,부광약품
A214980,KODEX 단기채권PLUS
A015350,부산가스
A007980,태평양물산
A004540,깨끗한나라
A237350,KODEX 200 대형
Q500005,신한 인버스 브렌트원유 선물 ETN(H)
A001770,신화실업
Q570005,TRUE 목표변동성20 코스피선물 ETN
A010770,평화홀딩스
A004740,보루네오
Q580005,KB 우량주 Monthly Best 11 ETN
A140570,KBSTAR 수출주
Q520015,미래에셋 인버스 미디어엔터 Core5 ETN
A241180,TIGER 일본니케이225
A229720,KODEX KTOP30
A019680,대교
A006120,SK케미칼
A000670,영풍
A002300,한국제지
A218420,KODEX 미국에너지(합성)
A097230,한진중공업
A034730,SK
A010040,한국내화
A004560,현대비앤지스틸
Q500016,신한 금 선물 ETN(H)
Q580003,KB Monthly Best 11 ETN
A069500,KODEX 200
A214320,이노션
Q570009,TRUE 코리아프리미어 ETN
A182480,TIGER US리츠(합성 H)
Q550037,QV K200 Condor 1804-01 ETN
A039490,키움증권
A003075,코오롱글로벌우
A001060,JW중외제약
A017810,풀무원
A200040,KODEX 미국금융(합성)
A119650,KC코트렐
A117690,TIGER 차이나
A103130,웅진에너지
A088350,한화생명
A260270,KOSEF 저PBR가중
A014440,영보화학
A055550,신한지주
A225050,TIGER 유로스탁스레버리지(합성 H)
Q550025,QV HMR 테마 ETN
A227560,TIGER 200 생활소비재
A005180,빙그레
Q550031,QV 항공우주 테마 ETN
A016590,신대양제지
A230480,KOSEF 미국달러선물 인버스2X(합성)
A007120,미래아이앤지
A083370,동북아12호
A000300,대유플러스
A009070,KCTC
Q590003,미래에셋 유럽 대형주 ETN(H)
A211260,KINDEX 배당성장
A000050,경방
A251890,KINDEX 코스닥(합성)
A114260,KODEX 국고채
A002785,진흥기업우B
A210540,디와이파워
A004135,대덕GDS우
A049770,동원F&B
A018260,삼성에스디에스
A069260,휴켐스
A236350,TIGER 인도레버리지(합성)
A009155,삼성전기우
A000810,삼성화재
A004310,현대약품
A263190,ARIRANG 우량단기채권
Q590007,미래에셋 미국 대형주 ETN(H)
Q500006,신한 인버스 금 선물 ETN(H)
Q530027,삼성 K200 Auto-C-SP 2003-01 ETN
A252000,TIGER 200동일가중
A004105,태양금속우
A123700,SJM
A009270,신원
A003530,한화투자증권
A077500,유니퀘스트
A064960,S&T모티브
A000430,대원강업
A012690,모나리자
A006490,인스코비
A023810,인팩
A008930,한미사이언스
A091220,TIGER 은행
A101060,SBS미디어홀딩스
A211560,TIGER 배당성장
A090990,코리아03호
A143850,TIGER S&P500선물(H)
A003540,대신증권
A064350,현대로템
A017390,서울가스
A008250,이건산업
A006345,대원전선우
A266160,KBSTAR 고배당
A044820,코스맥스비티아이
A083580,아시아11호
A074610,이엔쓰리
A005620,대성합동지주
A210980,SK디앤디
A241390,KBSTAR V&S셀렉트밸류채권혼합
A229200,KODEX 코스닥 150
A009450,경동나비엔
Q590013,미래에셋 미국 리츠 ETN(H)
A007210,벽산
A192720,파워 고배당저변동성
A023960,에쓰씨엔지니어링
A144620,코오롱머티리얼
A261220,KODEX WTI원유선물(H)
A139250,TIGER 200 에너지화학
A071320,지역난방공사
A000880,한화
A031430,신세계인터내셔날
A026960,동서
A120110,코오롱인더
A244580,KODEX 바이오
A114820,TIGER 국채3
A010600,와이비로드
A001020,페이퍼코리아
A226380,KINDEX 한류
A005945,NH투자증권우
Q580002,KB Quant비중조절 ETN
A222200,ARIRANG 스마트베타 Quality
A030000,제일기획
A012030,동부
A217780,TIGER 차이나A인버스(합성)
A029460,케이씨텍
A004890,동일산업
A001275,부국증권우
A008970,동양철관
Q520014,미래에셋 미디어엔터 Core5 ETN
A137610,TIGER 농산물선물(H)
A155900,바다로19호
A143460,KINDEX 밸류대형
A220130,SMART 중국본토 중소형 CSI500(합성 H)
A014915,성문전자우
A000490,대동공업
A123310,TIGER 인버스
A032350,롯데관광개발
A009540,현대중공업
A011300,성안
A008770,호텔신라
Q550036,QV K200 Butterfly 1804-01 ETN
A093240,형지엘리트
A017040,광명전기
A096300,베트남개발1
A007160,사조산업
A003560,IHQ
A247790,KODEX 성장투자
Q590008,미래에셋 미국 중형주 ETN(H)
A152500,KINDEX 레버리지
A014580,백광소재
A011090,에넥스
A010060,OCI
A002025,코오롱우
A011330,유니켐
Q500004,신한 브렌트원유 선물 ETN(H)
A015590,대경기계
A115390,락앤락
A070960,용평리조트
A030610,교보증권
Q550021,QV 핀테크 테마 ETN
A260200,KOSEF 배당바이백플러스
A140910,에이리츠
A222190,ARIRANG 스마트베타 Momentum
A002780,진흥기업
A001065,JW중외제약우
A017670,SK텔레콤
A129260,인터지스
A030210,KTB투자증권
A000950,전방
A041650,상신브레이크
A002100,경농
A003480,한진중공업홀딩스
A007280,한국특수형강
A000030,우리은행
A002250,알보젠코리아
A002310,아세아제지
A001527,동양2우B
A006405,삼성SDI우
Q530013,삼성 KTOP30 ETN
Q580004,KB KQ Monthly Best 11 ETN
A016880,웅진
A007810,코리아써키트
Q550001,QV Big Vol ETN
A010690,화신
Q570008,TRUE 섹터탑픽 ETN
A004690,삼천리
A092230,KPX홀딩스
A071950,코아스
A251350,KODEX MSCI World
A090355,노루페인트우
A007700,F&F
A005305,롯데칠성우
A001560,제일연마
A001230,동국제강
A004987,성신양회2우B
A007815,코리아써우
Q530014,삼성 China A50 선물 ETN(H)
A035000,지투알
A067830,세이브존I&C
A114470,KOSEF 국고채
A210780,TIGER 코스피고배당
Q530012,삼성 화학 테마주 ETN
A161390,한국타이어
A207940,삼성바이오로직스
A001270,부국증권
A001340,백광산업
A005070,코스모신소재
A214420,토니모리
A003160,디아이
A091160,KODEX 반도체
A001200,유진투자증권
Q550034,QV K200 C-SP 1804-01 ETN
A069460,대호에이엘
A005940,NH투자증권
A145210,세화아이엠씨
A005870,휴니드
A027740,마니커
A000850,화천기공
A003580,동원
A000995,동부하이텍1우
A174360,KBSTAR 중국본토대형주CSI100
A011810,STX
A011280,태림포장
A000105,유한양행우
A013870,지엠비코리아
A139220,TIGER 200 건설
A195970,ARIRANG 선진국(합성 H)
Q520013,미래에셋 Q150 Core5 ETN
A006220,제주은행
A042660,대우조선해양
A183710,KBSTAR 주식혼합
A030200,KT
A012610,경인양행
A152870,파워 K200
A006740,영풍제지
Q550003,QV 스마트리밸런싱 250/3 ETN
A004835,덕성우
A016090,대현
Q550016,QV 건설 TOP5 ETN
A006040,동원산업
A133820,화인베스틸
A010780,아이에스동서
A239660,ARIRANG 우량회사채50
Q520003,미래에셋 원자재 선물 ETN(H)
A148070,KOSEF 10년국고채
A017800,현대엘리베이
A006650,대한유화
A194370,제이에스코퍼레이션
A027970,세하
A023350,한국종합기술
A139130,DGB금융지주
A001390,KG케미칼
A010640,진양폴리
A000215,대림산업우
A002820,선창산업
A137930,마이다스 커버드콜
A039570,아이콘트롤스
A245710,KINDEX 베트남VN30(합성)
Q590006,미래에셋 일본 중형주 ETN(H)
Q550032,QV 방위산업 테마 ETN
A181480,KINDEX 미국리츠부동산(합성 H)
Q550019,QV 전기차 테마 ETN
A005090,삼광글라스
A145670,KINDEX 인버스
A013570,디와이
A002790,아모레G
A007460,나라케이아이씨
A122260,KOSEF 통안채
A024110,기업은행
A030790,동양네트웍스
Q500007,신한 인버스 은 선물 ETN(H)
A003550,LG
A023800,인지컨트롤스
A005385,현대차우
A102780,KODEX 삼성그룹
A017940,E1
Q590001,미래에셋 미국 바이백 ETN(H)
A261240,KODEX 미국달러선물
A261110,TIGER 미국달러선물레버리지
A083350,동북아10호
A227930,KINDEX 코스닥 150
Q520017,미래에셋 K200 C-SP 1803-02 ETN
A001260,남광토건
A000327,노루홀딩스2우B
A215620,흥국 S&P 로우볼
A192400,쿠쿠전자
A015260,에이엔피
A006380,카프로
A200880,서연이화
Q590010,미래에셋 레버리지 S&P500 ETN(H)
A175330,JB금융지주
Q550024,QV 수자원 테마 ETN
A003470,유안타증권
A051910,LG화학
A006840,AK홀딩스
A200020,KODEX 미국IT(합성)
A011790,SKC
Q550020,QV 2차전지 테마 ETN
A000725,현대건설우
A005030,부산주공
A102280,쌍방울
A03473K,SK우
A139280,TIGER 경기방어
A021240,코웨이
A001040,CJ
A005300,롯데칠성
A157520,TIGER 화학
A001800,오리온
A005257,녹십자홀딩스2우
A001120,LG상사
A159650,하이골드8호
A014280,금강공업
A238720,KINDEX 일본Nikkei225(H)
A033920,무학
A083620,아시아15호
Q500014,신한 인버스 옥수수 선물 ETN(H)
A028050,삼성엔지니어링
A069660,KOSEF 200
Q570006,TRUE 인버스 차이나H ETN(H)
A003520,영진약품
A004380,삼익THK
A017960,한국카본
A226810,파워 단기채
A153270,KOSEF 100
A096775,SK이노베이션우
A105780,KBSTAR 5대그룹주
A001740,SK네트웍스
A083390,동북아14호
A145850,TREX 펀더멘탈 200
A233740,KODEX 코스닥150 레버리지
A004989,성신양회3우B
A002787,진흥기업2우B
A001525,동양우
A195930,TIGER 유로스탁스50(합성 H)
A028670,팬오션
A001440,대한전선
A006890,태경화학
A152100,ARIRANG 200
A002210,동성제약
A001725,신영증권우
Q500012,신한 인버스 달러인덱스 선물 ETN(H)
A036460,한국가스공사
A139290,TIGER 200 경기소비재
Q590016,미래에셋 미국 헬스케어 ETN(H)
A042700,한미반도체
A011760,현대상사
A003650,미창석유
A014990,인디에프
A102260,동성코퍼레이션
Q530020,삼성 미국 대형 가치주 ETN
A051905,LG생활건강우
A044380,주연테크
A138520,TIGER 삼성그룹
A011170,롯데케미칼
A138040,메리츠금융지주
A036530,S&T홀딩스
A145720,덴티움
Q530030,삼성 K200 Call 1803-01 ETN
Q520009,미래에셋 레버리지 원유선물혼합 ETN(H)
A009180,한솔로지스틱스
Q500011,신한 달러인덱스 선물 ETN(H)
A172580,하이골드12호
A000087,하이트진로2우B
A002420,세기상사
A139660,KOSEF 달러인버스선물
A025540,한국단자
A051630,진양화학
A252420,KBSTAR 200선물인버스2X
A253290,KBSTAR 헬스케어채권혼합
A002450,삼익악기
A182490,TIGER 단기선진하이일드(합성 H)
A017550,수산중공업
A089590,제주항공
A000860,강남제비스코
A036580,팜스코
A229640,LS전선아시아
A007575,일양약품우
A112610,씨에스윈드
A035510,신세계 I&C
A105630,한세실업
A147970,TIGER 모멘텀
A006800,미래에셋대우
A000890,보해양조
A012510,더존비즈온
A051915,LG화학우
A021820,세원정공
A011785,금호석유우
A019685,대교우B
A003780,진양산업
A009835,한화케미칼우
A057050,현대홈쇼핑
A104530,KOSEF 고배당
A004830,덕성
A161490,ARIRANG 방어주
A139240,TIGER 200 철강소재
A006060,화승인더
A102960,KODEX 기계장비
A237370,KODEX 배당성장채권혼합
A000227,유유제약2우B
A005389,현대차3우B
A004140,동방
A008560,메리츠종금증권
A030720,동원수산
A003070,코오롱글로벌
A036570,엔씨소프트
A000390,삼화페인트
A163560,동일고무벨트
A139260,TIGER 200 IT
A161890,한국콜마
A008700,아남전자
A000910,유니온
A128940,한미약품
A023000,삼원강재
A090080,평화산업
A000180,성창기업지주
A002810,삼영무역
A014790,한라
A004415,서울식품우
A153360,하이골드3호
A037560,CJ헬로비전
A097955,CJ제일제당 우
A008350,남선알미늄
A097750,TREX 중소형가치
A170350,TIGER 베타플러스
A153130,KODEX 단기채권
A011230,삼화전자
A003960,사조대림
A223190,KODEX 200가치저변동
A010140,삼성중공업
A004440,대림씨엔에스
A117580,대성에너지
A012320,경동가스
A014830,유니드
A005965,동부건설우
A138540,TIGER 현대차그룹+
A226320,잇츠스킨
A009680,모토닉
A002960,한국쉘석유
A001360,삼성제약
A114090,GKL
A204420,ARIRANG 차이나H 레버리지(합성 H)
A090980,코리아02호
Q530003,삼성 모멘텀 탑픽 ETN
A122090,ARIRANG KOSPI50
A015360,예스코
A250780,TIGER 코스닥150인버스
A004255,NPC우
A183190,아세아시멘트
A085310,엔케이
A117680,KODEX 철강
A004490,세방전지
Q530005,삼성 바이오 테마주 ETN
A035420,NAVER
A168580,KINDEX 중국본토CSI300
A000547,흥국화재2우B
A256750,KODEX 심천ChiNext(합성)
A002350,넥센타이어
A004720,우리들제약
A003920,남양유업
A011930,신성이엔지
A000225,유유제약1우
A108670,LG하우시스
A195870,해성디에스
A004770,써니전자
A090370,아비스타
A047810,한국항공우주
A013700,까뮤이앤씨
A157450,TIGER 유동자금
A004910,조광페인트
A122630,KODEX 레버리지
A139230,TIGER 200 중공업
A105010,TIGER 라틴
A004090,한국석유
A001570,금양
A012160,영흥철강
A002995,금호산업우
A007110,일신석재
A026940,부국철강
Q570014,TRUE 인버스 유로선물 ETN
A093230,이아이디
A032830,삼성생명
A009200,무림페이퍼
A226980,KODEX 200 중소형
A006805,미래에셋대우우
A000590,CS홀딩스
A081000,일진다이아
A084010,대한제강
A144600,KODEX 은선물(H)
A004000,롯데정밀화학
A126560,현대에이치씨엔
A225800,KOSEF 미국달러선물 레버리지(합성)
A252650,KODEX 200동일가중
Q500002,신한 USD K200 선물 바이셀 ETN
A265690,KINDEX 러시아MSCI(합성)
A004565,현대비앤지스틸우
A140700,KODEX 보험
A222180,ARIRANG 스마트베타 Value
A079660,사조해표
A225030,TIGER S&P500인버스선물(H)
A002620,제일약품
A134790,팀스
Q530021,삼성 미국 중소형 성장주 ETN
A003300,한일시멘트
Q530015,삼성 미국 대형 성장주 ETN(H)
A016710,대성홀딩스
Q550026,QV KTOP30 ETN
A037270,YG PLUS
A003690,코리안리
A008490,서흥
Q500003,신한 인버스 WTI원유 선물 ETN(H)
A014285,금강공업우
A011160,두산건설
A001795,대한제당우
A013580,계룡건설
A002795,아모레G우
Q570018,TRUE K200 Auto-KO-C 1803-01 ETN
A000885,한화우
A001070,대한방직
A009160,SIMPAC
A18064K,한진칼우
A204320,만도
A011780,금호석유
A013000,세우글로벌
A060980,한라홀딩스
A082640,동양생명
A244620,KODEX 모멘텀Plus
A010950,S-Oil
Q590002,미래에셋 일본 바이백 ETN(H)
A243890,TIGER 200에너지화학레버리지
A079980,휴비스
A157500,TIGER 증권
A105840,우진
A004980,성신양회
A132030,KODEX 골드선물(H)
A003620,쌍용차
A015890,태경산업
A071090,하이스틸
A248170,샘표식품
A001080,만호제강
A034830,한국토지신탁
A140580,KBSTAR 우량업종
A136340,KBSTAR 우량회사채
A020000,한섬
A243880,TIGER 200IT레버리지
A092200,디아이씨
Q530001,삼성 유럽 고배당 주식 ETN(H)
A023150,MH에탄올
A152280,KOSEF 200 선물
A084670,동양고속
A192090,TIGER 차이나A300
A266550,ARIRANG 중형주저변동50
A130730,KOSEF 단기자금
A003030,세아제강
A014130,한익스프레스
A006260,LS
A091170,KODEX 은행
Q520001,미래에셋 로우볼 ETN
Q530006,삼성 음식료 테마주 ETN
A009415,태영건설우
A069620,대웅제약
A002030,아세아
A011150,CJ씨푸드
A000990,동부하이텍
Q500020,신한 레버리지 다우존스지수 선물 ETN(H)
A226490,KODEX 코스피
Q590011,미래에셋 인버스 S&P500 ETN(H)
A010130,고려아연
Q550030,QV OLED 테마 ETN
A101140,아티스
Q570012,TRUE 인버스 엔선물 ETN
A006090,사조오양
A000640,동아쏘시오홀딩스
A086280,현대글로비스
Q530016,삼성 미국 대형 가치주 ETN(H)
A004870,티웨이홀딩스
A011210,현대위아
A002150,도화엔지니어링
A009460,한창제지
A014825,동원시스템즈우
A001630,종근당홀딩스
A004430,송원산업
A027410,BGF리테일
A005010,휴스틸
Q570017,TRUE K200 Condor 1803-01 ETN
A213610,KODEX 삼성그룹밸류
A139320,TIGER 금은선물(H)
A002360,SH에너지화학
A089470,현대EP
A152380,KODEX 10년국채선물
A204210,모두투어리츠
A000540,흥국화재
A019170,신풍제약
A180640,한진칼
A225130,KINDEX 골드선물 레버리지(합성 H)
A003010,혜인
A000720,현대건설
A123890,한국자산신탁
A003720,삼영화학
A005380,현대차
A049800,우진플라임
A000480,조선내화
Q530023,삼성 레버리지 China A50 선물 ETN(H)
A011000,진원생명과학
A009290,광동제약
A110570,넥솔론
A001045,CJ우
A140950,파워 K100
A000545,흥국화재우
A214390,경보제약
Q520011,미래에셋 인버스 원유선물혼합 ETN(H)
A002900,동양물산
A251600,ARIRANG 고배당주채권혼합
A015230,대창단조
A114800,KODEX 인버스
A002355,넥센타이어1우B
A001450,현대해상
A004170,신세계
A009470,삼화전기
A266360,KODEX IT소프트웨어
A111770,영원무역
A016380,동부제철
A004360,세방
Q530008,삼성 미디어 테마주 ETN
A014910,성문전자
A026890,디피씨
A051600,한전KPS
A012200,계양전기
A104520,KOSEF 블루칩
A251590,ARIRANG 고배당저변동50
Q550008,QV 소프트웨어 TOP5 ETN
A176710,파워 국고채
A252410,KBSTAR 200선물인버스
A227550,TIGER 200 산업재
A004100,태양금속
Q520018,미래에셋 K200 P-SP 1803-01 ETN
A001689,대상3우B
A241590,화승엔터프라이즈
A203780,TIGER 나스닥바이오
A001460,BYC
A051900,LG생활건강
A101530,해태제과식품
A005745,크라운해태홀딩스우
A001685,대상우
A166400,TIGER 커버드C200
A006360,GS건설
A004990,롯데제과
A148020,KBSTAR 200
A000270,기아차
A101280,KODEX Japan
A002990,금호산업
A161500,ARIRANG 주도주
A027390,한화갤러리아타임월드
A227830,ARIRANG 코스피
A005830,동부화재
A219390,KBSTAR 미국원유생산기업(합성 H)
A001430,세아베스틸
A034310,NICE
A002220,한일철강
A005820,원림
A000040,KR모터스
A001880,삼호
A010960,삼호개발
A066570,LG전자
A000700,유수홀딩스
A075580,세진중공업
A005880,대한해운
A009830,한화케미칼
A014160,대영포장
A004150,한솔홀딩스
A000210,대림산업
A248270,TIGER 글로벌헬스케어(합성)
Q520007,미래에셋 인버스 에너지화학 Core5 ETN
A233160,TIGER 코스닥150 레버리지
A069640,엠케이트렌드
Q500008,신한 인버스 구리 선물 ETN(H)
A091000,코리아04호
A001520,동양
A021960,KB캐피탈
Q550002,QV WISE 배당 ETN
A160580,TIGER 구리실물
A079160,CJ CGV
A117700,KODEX 건설
A037710,광주신세계
A005490,POSCO
Q590012,미래에셋 글로벌 리츠 ETN(H)
A128820,대성산업
A006660,삼성공조
Q530028,삼성 K200 C-SP 1803-01 ETN
A073240,금호타이어
A001790,대한제당
A003545,대신증권우
Q550004,QV 롱숏 K150 매수 로우볼 매도 ETN
Q590017,미래에셋 미국 고배당주 ETN(H)
A005950,이수화학
A082740,두산엔진
Q530002,삼성 인버스 China A50 선물 ETN(H)
A072710,농심홀딩스
A071050,한국금융지주
A010145,삼성중공우
A211210,마이티 코스피고배당
Q520006,미래에셋 에너지화학 Core5 ETN
A001515,SK증권우
A068290,삼성출판사
A009320,대우부품
A091210,TIGER KRX100
A138250,엔에스쇼핑
A000650,천일고속
A078930,GS
A004710,한솔테크닉스
A005810,풍산홀딩스
Q570004,TRUE 인버스 유로스탁스50 ETN(H)
A018470,조일알미늄
A261250,KODEX 미국달러선물레버리지
A234310,KBSTAR V&S셀렉트밸류
A261060,TIGER 코스닥150IT
A168300,KTOP 50
A009580,무림P&P
A008420,문배철강
A004080,신흥
A003200,일신방직
A003060,에이프로젠제약
A010955,S-Oil우
A251340,KODEX 코스닥150인버스
A047040,대우건설
A028100,동아지질
A003415,쌍용양회우
Q550023,QV 고령화 테마 ETN
A02826K,삼성물산우B
A003535,한화투자증권우
A016580,환인제약
A245340,TIGER 미국다우존스30
A009970,영원무역홀딩스
A020120,다우인큐브
A025530,SJM홀딩스
A093370,후성
Q530007,삼성 레저 테마주 ETN
A025890,한국주강
A003350,한국화장품제조
A156080,KODEX MSCI KOREA
A228800,TIGER 여행레저
A033270,유나이티드제약
A009770,삼정펄프
A195920,TIGER 일본(합성 H)
A005450,신한
A900050,중국원양자원
A024070,WISCOM
A015860,일진홀딩스
A001720,신영증권
A200250,KOSEF 인디아(합성)
A004130,대덕GDS
Q530010,삼성 건축자재 테마주 ETN
A114100,KBSTAR 국고채
A005255,녹십자홀딩스1우
A003610,방림
A136280,KODEX 소비재
A248260,TIGER 일본헬스케어(합성)
A053690,한미글로벌
A099340,하나니켈1호
A225040,TIGER S&P500레버리지(합성 H)
A103140,풍산
A145270,케이탑리츠
A018500,동원금속
A000140,하이트진로홀딩스
A008355,남선알미우
A211900,KODEX 배당성장
A247800,KODEX 턴어라운드투자
A014530,극동유화
A266390,KODEX 경기소비재
A000815,삼성화재우
A003410,쌍용양회
A006400,삼성SDI
A033660,아주캐피탈
A010580,지코
A012750,에스원
A009410,태영건설
A017900,광전자
A003850,보령제약
A000220,유유제약
A006370,대구백화점
A196230,KBSTAR 단기통안채
A253240,KOSEF 200선물인버스
A010820,퍼스텍
A004970,신라교역
A005430,한국공항
A000070,삼양홀딩스
Q550011,QV 자동차 TOP5 ETN
A000145,하이트진로홀딩스우
A003280,흥아해운
A002460,화성산업
A001210,금호전기
A031820,콤텍시스템
A005960,동부건설
Q500009,신한 다우존스지수 선물 ETN(H)
Q550006,QV 내수소비 TOP5 ETN
A001067,JW중외제약2우B
A138930,BNK금융지주
A058650,세아홀딩스
A005250,녹십자홀딩스
A016610,동부증권
A002710,TCC동양
A130680,TIGER 원유선물(H)
A252710,TIGER 200선물인버스2X
A003419,쌍용양회3우B
A016450,한세예스24홀딩스
A138230,KOSEF 달러선물
Q500021,신한 천연가스 선물 ETN(H)
A019440,세아특수강
A159800,마이티 K100
A034590,인천도시가스
A196220,KBSTAR 일본레버리지(H)
A005750,대림B&Co
A138490,코오롱플라스틱
A009150,삼성전기
A002020,코오롱
A011200,현대상선
A015760,한국전력
A084695,대상홀딩스우
A009440,KC그린홀딩스
A002240,고려제강
A108590,TREX 200
A058860,케이티스
A012170,키위미디어그룹
A204480,TIGER 차이나A레버리지(합성)
A091090,세원셀론텍
A005320,국동
A002200,수출포장
A266420,KODEX 헬스케어
A244820,ARIRANG 스마트베타4종결합
A003240,태광산업
A190620,KINDEX 단기자금
A003570,S&T중공업
A094280,효성ITX
A109070,KGP
A034020,두산중공업
A047400,쌍용머티리얼
A003465,유화증권우
A001250,GS글로벌
A023590,다우기술
A004960,한신공영
A094800,맵스리얼티1
A000020,동화약품
A023450,동남합성
A012630,현대산업
A266370,KODEX IT하드웨어
A004270,남성
A252400,KBSTAR 200선물레버리지
A104700,한국철강
A001780,알루코
A133690,TIGER 나스닥100
A025620,제이준
A099350,하나니켈2호
A012280,영화금속
A005360,모나미
Q500022,신한 인버스 천연가스 선물 ETN(H)
A066575,LG전자우
A025000,KPX케미칼
A006390,현대시멘트
A225060,TIGER 이머징마켓레버리지(합성 H)
A003120,일성신약
Q500023,신한 콩 선물 ETN(H)
A003080,성보화학
A003460,유화증권
A006340,대원전선
Q570015,TRUE 다우존스 지속가능경영 코리아 ETN
A069730,DSR제강
A150460,TIGER 중국소비테마
A000680,LS네트웍스
A114460,KINDEX 국고채
A008600,윌비스
A034120,SBS
A033240,자화전자
A219480,KODEX S&P500선물(H)
A005740,크라운해태홀딩스
A213500,한솔제지
A090970,코리아01호
A00781K,코리아써키트2우B
A253250,KOSEF 200선물레버리지
Q590009,미래에셋 미국 항공우주 ETN(H)
A078520,에이블씨엔씨
A261260,KODEX 미국달러선물인버스2X
A003547,대신증권2우B
A130660,한전산업
Q520016,미래에셋 K200 C-SP 1803-01 ETN
A001290,골든브릿지증권
A008000,도레이케미칼
A011420,갤럭시아에스엠
A105190,KINDEX 200
A138530,TIGER LG그룹+
A014820,동원시스템즈
A005930,삼성전자
A084870,TBH글로벌
A200050,KODEX MSCI독일(합성)
A016740,두올
Q530017,삼성 미국 중소형 성장주 ETN(H)
Q530025,삼성 인버스 인도 Nifty50 선물 ETN(H)
A024720,한국콜마홀딩스
A176950,KODEX 인버스국채선물10년
A100250,진양홀딩스
A071055,한국금융지주우
A003830,대한화섬
Q500015,신한 WTI원유 선물 ETN(H)
A238670,ARIRANG 스마트베타Quality채권혼합
A034220,LG디스플레이
A018670,SK가스
A138910,KODEX 구리선물(H)
A012205,계양전기우
A017180,명문제약
A000500,가온전선
A228790,TIGER 화장품
A021050,서원
A019180,티에이치엔
A002550,KB손해보험
A123690,한국화장품
A219900,KINDEX 중국본토레버리지(합성)
A004410,서울식품
A108450,KINDEX 삼성그룹SW
A011700,한신기계
A034300,신세계건설
A009310,참엔지니어링
Q500013,신한 옥수수 선물 ETN(H)
A020150,일진머티리얼즈
A014680,한솔케미칼
A006125,SK케미칼우
A090435,아모레퍼시픽우
A003495,대한항공우
A010100,한국프랜지
A047050,포스코대우
A005500,삼진제약
A011390,부산산업
Q500018,신한 구리 선물 ETN(H)
A095720,웅진씽크빅
A006570,대림통상
A011155,CJ씨푸드1우
A000120,CJ대한통운
A015020,이스타코
A007690,국도화학
A001140,국보
A044450,KSS해운
A001465,BYC우
A002005,한국유리우
A244670,KODEX 밸류Plus
A083570,아시아10호
A167860,KOSEF 10년국고채 레버리지
A088980,맥쿼리인프라
A002630,오리엔트바이오
A024090,디씨엠
A005390,신성통상
A004450,삼화왕관
A002760,보락
A002390,한독
A157510,TIGER 자동차
A237440,TIGER 경기방어채권혼합
A016360,삼성증권
Q530004,삼성 화장품 테마주 ETN
A196030,KINDEX 일본레버리지(H)
A000240,한국타이어월드와이드
A009420,한올바이오파마
A005387,현대차2우B
A029780,삼성카드
A000150,두산
A266140,TIGER 지속배당
A000157,두산2우B
A007660,이수페타시스
A227540,TIGER 200 헬스케어
A004370,농심
A096760,JW홀딩스
Q570013,TRUE 유로선물 ETN
A000320,노루홀딩스
Q520004,미래에셋 전기전자 Core5 ETN
A185680,KODEX 미국바이오(합성)
A152330,코리아오토글라스
Q550010,QV 운송 TOP5 ETN
A005440,현대그린푸드
A031440,신세계푸드
A012330,현대모비스
A102460,이연제약
A001620,동국실업
Q550014,QV 바이오 TOP5 ETN
A002070,남영비비안
A117460,KODEX 에너지화학
